		2021-11-18	2021-12-16	2022-01-20	2022-02-17	2022-03-18	2022-04-22	2022-05-18	2022-06-15	2022-07-15	2022-08-17	2022-09-13	2022-09-27	2022-10-13	2022-11-17	2022-12-15	2023-01-19	2023-02-16	2023-03-16	2023-04-14	2023-05-17	2023-06-15	2023-07-20	2023-08-17	2023-09-15	2023-10-20	2023-11-17	2023-12-14	2024-01-19	2024-02-15	2024-03-15	2024-04-11	2024-06-01	2024-07-18	2024-08-16	2024-09-20	2024-10-18	2024-11-14
automatic awnings melbourne		4	4	6	4	4	4	3	3	2	3	3	3	3	2	2	3	2	4	6	-	9	5	7	7	6	7	8	8	7	7	8	9	9	10	13	18	23
bistro blinds melbourne		34	39	22	18	26	17	15	14	10	8	10	11	10	12	10	6	10	11	12	-	16	17	21	15	20	19	26	30	28	25	27	19	20	-	11	7	14
cafe outdoor blinds		90	-	52	52	76	65	48	47	39	27	32	53	37	35	56	24	41	38	24	-	25	35	26	34	40	41	38	46	49	48	55	36	42	48	34	29	25
cafe style roller blinds		8	9	1	2	1	1	1	1	1	1	81	1	1	1	1	1	1	1	1	-	1	2	1	6	5	4	6	5	4	3	3	3	4	3	2	5	8
clear patio blinds melbourne		6	5	9	5	6	4	7	6	8	6	11	6	8	10	11	8	6	6	5	36	9	4	3	5	-	5	41	5	5	4	6	7	4	5	6	3	3
clear plastic blinds melbourne		4	4	3	3	3	3	3	3	3	5	7	5	6	4	4	3	3	3	3	11	3	3	3	4	21	54	17	2	4	5	4	4	4	6	4	6	3
conservatory blinds		3	1	1	2	1	2	2	2	2	2	1	2	2	2	1	1	2	2	3	2	1	1	2	2	2	2	2	2	2	2	3	2	2	2	2	2	2
custom awnings melbourne		9	16	15	17	18	22	23	22	21	23	28	20	24	18	22	32	22	31	33	-	45	44	34	40	44	58	62	43	41	28	34	54	62	62	31	18	20
custom outdoor awnings		1	2	4	5	5	2	4	2	1	2	2	1	2	1	3	1	5	8	9	-	13	10	9	12	13	14	17	19	22	21	17	17	2	2	3	2	2
custom shade sails		13	16	32	31	27	19	53	18	15	17	26	28	24	26	14	25	25	60	24	-	29	22	20	21	20	15	18	23	12	12	16	18	37	25	22	20	23
dutch hood		8	9	8	9	8	8	8	7	7	7	6	7	6	7	6	8	8	6	8	34	8	6	9	6	8	7	6	7	5	6	5	5	7	6	6	4	73
external awnings melbourne		12	14	14	14	14	13	16	13	10	14	14	14	14	14	-	16	17	23	21	-	31	32	26	29	28	28	34	29	35	19	21	22	32	34	35	23	19
external blinds melbourne		1	1	1	1	3	4	4	2	2	4	6	5	6	5	6	5	5	6	6	95	8	8	9	10	7	6	7	7	8	7	7	8	9	7	8	7	10
french canopy		4	4	3	4	3	3	3	3	2	5	2	3	3	3	3	3	4	3	3	39	4	3	3	3	4	4	2	2	2	3	2	1	2	3	1	1	1
motorised awnings		6	8	8	7	5	7	4	6	3	2	2	2	2	2	5	1	4	5	5	-	9	8	6	6	5	7	6	11	9	16	15	15	13	8	10	10	10
outdoor awnings melbourne		7	7	8	8	10	9	12	12	13	14	14	14	12	13	15	13	13	14	15	-	22	26	13	29	31	18	16	14	20	12	13	13	21	18	11	18	12
outdoor clear blinds		4	4	4	4	4	4	4	4	3	4	4	4	4	5	4	3	4	4	4	11	5	5	5	6	6	5	5	5	7	6	6	7	7	7	6	5	4
outdoor pvc blinds melbourne		4	6	5	5	11	8	7	8	8	7	13	14	13	14	10	10	10	8	7	82	13	7	6	6	5	5	11	15	9	15	13	12	12	13	12	16	8
outdoor retractable awning		4	4	3	8	9	3	3	4	5	6	4	4	4	7	5	4	12	15	14	-	22	30	29	19	18	28	30	33	26	26	39	39	35	23	26	9	18
outdoor shade blinds		2	2	3	2	3	4	3	3	4	3	3	3	3	2	4	2	9	13	11	-	30	14	13	31	20	17	17	20	20	23	36	31	35	16	17	18	13
outdoor shades for windows		8	8	9	8	8	7	97	6	7	7	7	7	7	5	6	4	6	6	8	-	8	8	8	9	9	11	8	11	14	11	13	11	29	14	15	15	17
patio shades		4	4	3	2	3	3	2	2	2	30	1	2	1	2	2	2	2	2	4	32	6	4	4	4	4	6	5	3	6	5	3	6	6	3	3	3	2
patio sun shades		2	2	2	2	3	5	4	2	3	1	24	2	1	1	1	1	1	1	1	89	1	1	1	1	1	1	2	1	1	1	1	1	1	3	1	3	1
plastic cafe blinds		10	38	11	10	9	41	13	4	3	4	5	4	3	3	5	2	5	2	2	24	2	2	2	3	8	7	7	7	5	6	6	8	10	9	12	11	7
plastic patio blinds		3	3	3	2	3	3	3	2	2	3	2	3	2	-	2	2	2	2	1	13	4	2	3	5	17	27	6	7	4	5	5	4	4	5	4	3	3
retractable folding arm awning		17	15	12	22	13	14	24	21	12	13	21	16	15	11	24	28	34	28	26	-	30	29	29	46	50	66	94	-	-	49	38	35	44	32	39	21	23
retractable outdoor awnings		3	3	3	3	6	4	5	6	2	3	3	4	3	2	4	1	7	12	12	-	19	17	17	23	22	32	33	33	32	20	27	39	-	21	20	16	13
retractable patio covers		2	1	3	1	3	2	2	3	2	2	2	1	1	1	1	1	3	5	4	-	6	5	5	7	4	10	59	4	6	7	10	7	7	5	8	11	12
shade awnings melbourne		11	9	13	12	13	10	12	11	8	13	11	10	11	10	10	10	9	12	14	-	15	12	9	13	16	14	14	16	16	15	12	10	14	15	10	4	8
shade canopy melbourne		7	8	10	12	11	13	14	13	13	12	17	19	17	16	17	8	9	9	10	-	17	6	7	8	-	38	31	2	1	5	10	10	9	8	6	7	4
sun shades		42	45	58	62	58	80	18	16	8	3	4	4	3	2	11	9	50	54	54	-	-	65	68	-	-	-	53	54	70	60	69	53	71	78	43	67	63
window outdoor shades		7	7	6	7	6	7	4	5	7	6	6	6	6	-	8	1	7	6	8	70	9	9	9	12	7	11	15	12	10	13	12	29	28	26	18	16	24
zip screen blinds melbourne		8	9	12	9	9	5	5	5	5	5	13	5	10	25	9	10	10	7	5	8	6	6	6	10	-	46	52	15	11	8	9	31	26	28	54	52	55
zip track blinds melbourne		18	18	21	16	18	20	24	18	-	-	26	-	23	-	23	25	-	-	-	-	-	24	-	-	-	84	82	-	-	-	41	49	-	52	62	55	62
ziptrak blinds melbourne		16	21	18	15	16	19	21	21	20	17	23	23	24	26	23	19	18	25	24	25	20	17	15	21	56	23	24	34	31	21	24	30	34	39	57	38	44
awnings ashwood		1	1	1	1	1	1	1	1	1	1	1	1	1	1	1	2	2	2	2	1	15	15	2	4	-	1	29	2	1	2	1	1	1	3	2	3	3
awnings brighton		6	4	3	3	4	4	5	4	3	5	12	5	5	4	4	5	5	4	4	6	4	5	3	3	4	23	22	4	5	3	3	3	3	3	3	3	6
awnings chadstone		3	3	3	3	3	3	3	3	3	3	2	3	3	3	3	3	3	3	3	5	2	2	3	3	3	3	3	3	2	3	1	1	2	2	2	2	2
awnings cheltenham		2	2	2	2	1	3	2	2	2	2	2	2	2	2	2	2	2	2	2	32	3	3	3	2	1	1	1	1	1	1	1	1	1	1	1	1	1
awnings glen waverley		1	2	2	2	2	2	2	2	2	2	2	2	2	2	2	2	1	1	1	1	2	2	2	3	-	3	3	4	3	3	3	3	3	3	3	3	3
folding arm awnings beaumaris		1	1	1	1	1	1	1	1	1	1	1	1	1	1	1	1	1	1	1	1	1	1	1	1	1	1	1	1	1	1	1	1	1	1	1	1	1
outdoor blinds black rock		1	1	1	1	1	1	1	1	1	1	1	1	1	1	1	1	1	1	1	9	1	1	1	1	1	1	1	1	1	1	1	1	1	1	1	1	3
outdoor blinds cheltenham		4	4	3	4	5	2	2	2	2	2	1	1	1	1	1	1	1	1	1	23	2	2	1	1	1	1	1	1	1	1	1	1	1	1	1	2	1
patio shades mordialloc		1	1	1	1	1	1	1	1	1	1	1	1	1	1	1	1	1	1	1	2	2	3	-	2	1	1	1	1	1	2	1	1	1	2	2	1	2
sun blinds brighton		6	12	13	9	8	9	6	7	4	6	6	6	6	5	5	4	4	3	4	4	6	5	2	3	4	6	5	4	4	4	2	2	1	2	2	2	5
window awnings chelsea		1	1	1	1	1	1	1	1	1	1	1	1	1	1	1	1	1	1	1	1	1	1	1	1	4	-	88	1	1	1	1	1	1	1	1	1	1
canopy moorabbin		5	8	3	4	5	4	5	5	3	1	1	2	1	1	1	4	4	3	3	14	4	3	4	4	3	3	58	3	3	3	3	3	4	5	2	2	3
awnings kensington		1	1	1	1	1	1	1	1	1	1	1	1	1	2	2	1	1	1	1	2	2	3	1	1	-	-	-	2	2	3	3	2	3	3	3	4	3
awnings victoria		7	6	5	7	9	8	8	9	7	8	8	7	8	7	6	9	7	11	10	-	13	12	13	16	11	8	7	5	5	4	3	3	3	4	5	4	4
conservatory roof blinds		2	3	4	4	3	2	2	5	4	3	1	3	3	1	1	1	1	1	1	1	1	1	1	1	1	2	2	2	2	2	2	2	2	2	2	2	2
external window shades		2	2	2	3	1	1	2	1	2	1	1	1	1	1	1	1	1	1	1	38	2	2	2	3	5	4	3	2	3	3	3	6	8	2	2	3	4
folding arm awning		15	17	15	13	8	12	12	8	12	9	11	12	13	21	20	24	20	18	22	-	36	30	51	56	70	66	-	63	-	52	50	86	55	49	50	30	33
heavy duty pvc outdoor blinds		3	5	2	3	3	3	3	1	2	2	2	2	1	1	2	1	2	1	1	29	2	2	3	3	-	-	-	2	2	2	2	2	2	4	2	2	2
motorised retractable awnings		9	11	9	10	14	9	11	8	7	5	7	6	5	6	7	5	9	13	15	-	42	23	24	9	10	17	15	15	14	57	53	37	35	36	38	32	28
outdoor plastic blinds		3	4	3	3	4	3	3	2	2	3	2	4	3	3	3	1	2	2	1	24	3	2	2	5	6	3	4	6	7	7	4	5	5	5	3	3	3
patio awning		4	8	11	7	9	7	8	4	3	7	11	5	2	8	7	5	11	8	28	-	24	23	8	-	9	15	12	14	13	12	10	24	19	11	15	13	8
patio blinds		39	42	52	49	52	45	61	56	14	13	13	46	30	28	54	19	48	24	45	-	62	43	43	92	96	69	52	63	73	49	51	44	60	54	52	41	24
retractable awning		6	3	3	4	5	2	-	6	6	4	4	-	6	4	3	5	11	12	12	-	42	29	29	28	34	37	36	40	35	51	49	45	57	43	52	42	21
awnings beaumaris		-	-	-	-	-	-	-	-	-	-	-	1	1	1	1	1	1	1	3	2	1	1	2	2	-	-	-	2	2	2	2	2	1	3	2	2	3
awnings black rock		-	-	-	-	-	-	-	-	-	-	-	2	2	2	2	3	3	3	3	8	3	3	3	3	3	-	3	3	3	3	2	2	2	1	1	1	2
awnings braeside		-	-	-	-	-	-	-	-	-	-	-	1	1	1	1	1	1	1	1	10	1	1	1	1	1	3	-	1	1	1	1	1	1	1	1	2	2
awnings chelsea		-	-	-	-	-	-	-	-	-	-	-	1	1	1	1	1	1	1	1	1	1	1	1	1	1	1	1	1	1	1	1	1	1	1	1	1	1
awnings highett		-	-	-	-	-	-	-	-	-	-	-	3	3	2	17	3	3	3	3	14	3	3	-	-	-	3	3	4	3	3	3	4	2	4	4	6	4
awnings moorabbin		-	-	-	-	-	-	-	-	-	-	-	1	1	1	1	1	1	1	1	17	1	1	1	1	1	1	1	1	1	1	1	1	1	1	1	1	1
awnings mordialloc		-	-	-	-	-	-	-	-	-	-	-	2	1	1	1	2	2	2	2	2	3	3	2	2	2	2	2	7	2	2	2	2	2	2	2	2	3
awnings northcote		-	-	-	-	-	-	-	-	-	-	-	2	2	2	2	2	2	2	2	15	2	2	2	3	2	2	2	2	2	2	2	2	3	3	3	3	2
awnings taylors lakes		-	-	-	-	-	-	-	-	-	-	-	1	1	1	1	1	1	1	1	2	1	1	1	1	1	1	1	1	1	1	1	1	1	1	1	1	1
cafe blinds melbourne		-	-	-	-	-	-	-	-	-	-	-	7	7	7	7	7	7	7	6	69	12	11	25	21	20	20	65	23	21	19	21	18	23	14	11	9	13
shade sails melbourne		-	-	-	-	-	-	-	-	-	-	-	54	25	25	11	10	10	9	10	-	12	9	9	10	7	36	8	4	4	6	6	8	9	5	5	4	4