		2021-11-16	2021-12-16	2022-01-20	2022-02-03	2022-03-18	2022-04-22	2022-05-18	2022-06-15	2022-07-15	2022-08-17	2022-08-18	2022-09-16	2022-10-13	2022-11-17	2022-12-15	2023-01-19	2023-02-16	2023-03-16	2023-04-14	2023-05-17	2023-06-13	2023-07-20	2023-08-10	2023-09-15	2023-10-20	2023-11-17	2023-12-14	2024-01-19	2024-04-22	2024-05-16	2024-06-15	2024-07-18	2024-08-16	2024-09-20	2024-10-18	2024-11-14
single use face masks		91	-	45	55	61	-	22	18	24	26	30	28	43	16	28	17	19	6	3	4	2	2	-	-	-	14	17	14	15	14	13	10	12	9	6	6
australian made single use face masks		29	62	23	36	17	18	7	8	1	1	1	1	1	1	1	1	1	1	1	1	2	1	17	48	45	8	1	5	3	3	2	3	5	4	5	7
australian face mask manufacturer		32	24	20	17	29	19	3	4	5	3	3	5	5	4	4	4	4	3	4	4	3	5	-	8	9	13	9	10	8	8	6	7	6	6	6	5
3 ply single use face mask		-	-	66	52	-	21	2	1	2	37	2	15	14	14	28	-	52	2	4	25	9	15	-	-	-	40	32	26	33	31	30	24	26	22	11	7
disposable face mask for sale		-	90	95	-	-	-	20	48	26	23	24	19	18	23	27	30	38	42	43	40	20	26	-	-	-	-	-	68	74	69	77	76	66	48	33	25
disposable face mask online		-	60	54	58	-	-	12	14	23	-	33	22	24	23	26	13	20	28	18	23	16	31	-	-	-	69	79	10	61	56	38	31	25	22	20	17
toilet paper online		53	28	39	56	40	39	18	24	20	19	21	23	24	18	18	22	22	26	31	25	37	25	-	-	27	24	40	17	25	30	16	19	10	18	17	5
buy toilet paper online		35	19	23	34	30	16	15	17	18	16	16	15	13	11	10	15	16	16	31	26	35	22	-	-	18	39	33	12	15	14	5	6	4	7	10	6
buy bulk toilet paper		42	22	48	51	37	31	16	18	21	20	20	18	16	14	13	12	18	18	21	24	34	14	-	-	14	16	11	9	14	12	39	46	39	13	15	9
bulk toilet paper supplies		24	19	36	41	22	19	14	16	21	20	20	13	14	14	11	13	18	19	22	27	40	20	-	-	23	21	12	12	13	12	14	20	10	17	11	4
toilet paper distributor		12	8	7	9	11	4	2	2	2	2	2	6	-	1	2	2	2	1	1	1	4	3	-	-	4	5	3	5	5	4	4	7	4	7	6	8
paper towel online australia		16	12	5	11	13	10	5	4	6	8	8	8	6	4	7	11	12	11	11	11	15	15	-	23	20	31	21	15	20	-	8	3	14	15	8	6
bulk paper towels		29	13	13	33	40	48	16	16	15	14	13	13	10	12	14	14	16	15	15	16	14	12	-	21	21	21	20	21	17	16	13	15	18	16	14	11
paper hand towels		-	-	73	-	-	-	70	71	64	62	62	50	61	44	44	62	48	49	45	42	55	61	-	-	65	82	-	-	-	-	-	-	-	-	-	-
disposable hand towels		-	-	-	-	-	-	25	25	29	25	27	21	25	23	23	23	18	19	19	20	45	40	-	39	-	-	-	-	-	-	89	-	-	-	82	-
n95 mask australia		-	-	-	-	-	-	28	30	23	36	33	28	23	33	22	58	59	34	28	30	29	29	-	33	35	43	34	38	47	38	22	28	10	12	11	11
buy n95 mask australia		-	-	-	-	-	-	15	13	9	20	17	16	16	14	13	16	19	16	12	15	15	21	-	24	29	37	22	17	26	22	14	18	8	8	-	4
n95 face masks australia		-	-	-	-	-	-	22	27	20	24	18	17	20	28	18	42	45	27	24	26	21	22	-	30	37	42	41	39	57	47	26	37	12	15	10	3
pink face masks australia		-	-	-	-	-	15	3	5	8	8	9	11	8	9	10	16	13	11	12	11	9	11	62	-	-	26	34	29	44	20	8	19	16	19	21	17
yellow face masks		-	-	-	-	-	-	2	2	2	1	1	1	2	1	1	1	1	1	1	1	1	1	-	82	-	5	4	4	4	5	5	5	3	3	5	5
black face masks australia		-	-	-	-	-	-	13	12	9	5	5	10	6	8	8	11	11	6	8	8	7	15	15	12	16	19	23	31	27	30	22	20	18	17	15	10
black face masks melbourne		-	-	-	-	-	16	14	13	11	7	7	8	8	9	8	10	11	7	6	6	5	11	-	10	10	9	11	8	9	9	14	9	4	12	14	13
black face masks sydney		-	-	-	-	13	14	9	5	5	3	3	5	4	5	6	7	6	3	3	3	3	13	19	4	3	5	8	5	7	9	10	6	4	2	4	3
black face masks brisbane		-	-	-	-	-	81	18	10	11	6	6	7	6	6	6	5	6	4	3	4	3	6	19	7	10	11	8	9	3	14	5	5	2	2	3	6
black face masks adelaide		-	-	-	-	-	6	5	8	9	3	3	3	2	2	2	3	3	2	2	5	4	4	4	5	12	13	8	12	17	5	9	8	7	4	5	5
black face masks perth		-	-	-	-	13	11	10	11	1	2	2	2	4	-	4	8	11	4	3	4	3	5	18	6	12	10	13	6	5	2	4	4	2	3	4	3
black face masks hobart		-	-	-	-	28	20	9	7	10	3	3	4	4	2	2	2	1	1	1	1	1	1	12	2	2	5	4	3	1	2	2	2	1	1	2	2
disposable vinyl gloves		-	-	-	-	-	-	-	-	-	-	95	81	97	87	-	-	-	-	-	-	-	-	-	-	-	-	-	-	-	-	-	-	-	-	-	-
vinyl gloves suppliers		-	-	-	-	-	-	-	-	-	16	17	19	19	13	16	23	24	13	11	8	12	20	-	-	42	54	48	62	72	68	72	70	42	58	39	44
p2 mask australia		-	-	-	-	-	-	-	-	-	-	17	17	21	24	62	78	79	52	50	41	24	27	-	-	43	30	39	34	40	33	27	23	24	17	17	22
p2 face masks australia		-	-	-	-	-	-	-	-	-	-	15	15	18	21	38	65	69	38	40	38	25	19	-	29	22	30	22	28	32	28	13	-	27	19	17	19
buy p2 mask australia		-	-	-	-	-	-	-	-	-	-	13	16	15	14	23	26	29	22	22	25	15	17	-	17	16	23	20	22	27	-	14	16	10	9	10	10
folded paper towels		-	-	-	-	-	-	-	-	-	-	-	-	-	-	-	-	-	-	-	-	-	-	-	-	-	-	-	-	-	-	-	-	-	-	-	-
wholesale paper towels		-	-	-	-	-	-	-	-	-	-	-	-	-	-	-	-	-	-	-	-	-	-	-	28	27	18	43	31	20	20	28	33	32	37	28	30
anti slip shoe covers		-	-	-	-	-	-	-	-	-	-	-	-	-	-	-	-	-	-	-	-	-	-	-	-	-	-	-	-	-	-	-	-	-	-	-	-
non slip shoe covers		-	-	-	-	-	-	-	-	-	-	-	-	-	-	-	-	-	-	-	-	-	-	-	-	-	-	-	-	-	-	-	-	-	-	-	-
shoe covers suppliers		-	-	-	-	-	-	-	-	-	-	-	-	-	-	-	-	-	-	-	-	-	-	-	-	-	-	-	-	-	-	-	-	-	-	-	-
wholesale shoe covers		-	-	-	-	-	-	-	-	-	-	-	-	-	-	-	-	-	-	-	-	-	-	-	-	-	-	-	-	-	-	-	-	-	-	-	-
bulk toilet paper		-	-	-	-	-	-	-	-	-	-	-	-	-	-	-	-	-	-	-	-	-	-	-	-	39	47	15	10	40	18	74	-	79	17	22	5
bulk toilet paper online		-	-	-	-	-	-	-	-	-	-	-	-	-	-	-	-	-	-	-	-	-	-	-	-	15	6	9	8	12	10	12	16	6	5	4	5
toilet paper wholesale suppliers		-	-	-	-	-	-	-	-	-	-	-	-	-	-	-	-	-	-	-	-	-	-	-	-	27	34	18	12	57	46	50	54	33	39	36	34
wholesale toilet paper		-	-	-	-	-	-	-	-	-	-	-	-	-	-	-	-	-	-	-	-	-	-	-	-	50	76	16	9	93	-	-	-	80	62	62	50
powder free vinyl gloves		-	-	-	-	-	-	-	-	-	-	-	-	-	-	-	-	-	-	-	-	-	-	-	-	-	-	-	-	-	-	-	-	-	-	-	-
powder free vinyl gloves suppliers		-	-	-	-	-	-	-	-	-	-	-	-	-	-	-	-	-	-	-	-	-	-	-	-	-	-	-	-	-	-	-	-	-	-	-	-
face masks melbourne		-	-	-	-	-	-	-	-	-	-	-	-	-	-	-	-	-	-	-	-	-	-	-	-	-	-	-	-	-	19	12	12	12	14	10	7
face masks sydney		-	-	-	-	-	-	-	-	-	-	-	-	-	-	-	-	-	-	-	-	-	-	-	51	55	78	25	17	18	15	18	10	7	6	6	4
face masks brisbane		-	-	-	-	-	-	-	-	-	-	-	-	-	-	-	-	-	-	-	-	-	-	-	98	90	-	-	-	12	54	12	10	6	10	11	10
face masks adelaide		-	-	-	-	-	-	-	-	-	-	-	-	-	-	-	-	-	-	-	-	-	-	22	85	96	80	96	79	-	17	23	26	12	11	12	10
face masks perth		-	-	-	-	-	-	-	-	-	-	-	-	-	-	-	-	-	-	-	-	-	-	-	72	-	-	-	74	11	12	7	7	4	10	8	7
face masks hobart		-	-	-	-	-	-	-	-	-	-	-	-	-	-	-	-	-	-	-	-	-	-	52	34	47	55	44	50	5	4	4	5	7	6	5	3
bulk toilet paper sydney		-	-	-	-	-	-	-	-	-	-	-	-	-	-	-	-	-	-	-	-	-	-	-	-	14	17	11	8	10	9	9	14	5	12	-	7
n95 mask sydney		-	-	-	-	-	-	-	-	-	-	-	-	-	-	-	-	-	-	-	-	-	-	-	10	24	14	11	8	19	18	11	11	5	9	7	6
p2 mask sydney		-	-	-	-	-	-	-	-	-	-	-	-	-	-	-	-	-	-	-	-	-	-	-	9	20	17	16	15	14	12	11	15	17	20	28	12
buy bulk toilet paper sydney		-	-	-	-	-	-	-	-	-	-	-	-	-	-	-	-	-	-	-	-	-	-	-	-	15	14	8	2	8	7	9	16	3	10	8	5
paper hand towels sydney		-	-	-	-	-	-	-	-	-	-	-	-	-	-	-	-	-	-	-	-	-	-	-	31	40	28	33	35	38	36	40	47	33	97	87	52
disposable vinyl gloves sydney		-	-	-	-	-	-	-	-	-	-	-	-	-	-	-	-	-	-	-	-	-	-	-	-	45	64	45	45	71	76	84	-	77	64	66	66