		2023-12-21	2024-01-19	2024-02-15	2024-03-15	2024-04-12	2024-05-16	2024-06-13	2024-07-18	2024-08-16	2024-09-20	2024-10-18	2024-11-14
colorbond sheds melbourne		-	-	-	56	34	10	10	8	7	10	8	10
custom sheds melbourne		-	-	-	27	24	24	11	11	13	17	14	25
steel frame sheds melbourne		-	-	-	10	8	8	7	7	6	6	10	8
shed manufacturer melbourne		-	-	-	9	8	6	6	6	8	8	6	8
bluescope sheds melbourne		-	-	-	16	16	5	5	4	6	6	5	5
large storage sheds melbourne		-	-	-	81	76	35	70	26	28	28	43	50
rhs sheds melbourne		-	-	-	2	1	1	2	1	1	1	1	1
aircraft hangars melbourne		-	-	-	-	-	4	4	-	-	-	-	9
commercial sheds melbourne		-	-	-	23	9	5	4	4	6	9	11	9
machinery sheds melbourne		-	-	-	70	-	16	5	8	8	5	3	7
construction sheds melbourne		-	-	-	14	15	19	12	21	12	15	21	20
warehouse sheds melbourne		-	-	-	-	3	3	3	3	3	3	1	7
supply & erect sheds melbourne		-	-	-	11	11	7	10	9	11	13	10	8
galvanised sheds melbourne		-	-	-	18	17	24	15	23	12	14	7	14
shed slabs melbourne		-	-	-	-	61	37	29	70	38	-	39	38
industrial sheds melbourne		-	-	-	26	14	12	13	13	12	10	14	16
industrial storage buildings melbourne		-	-	-	13	11	6	6	4	7	5	5	7
barns melbourne		-	-	-	-	-	-	30	30	31	51	21	23
farm sheds melbourne		-	-	-	86	-	12	8	22	9	7	9	13
hay sheds melbourne		-	-	-	-	-	8	8	8	7	3	1	6
rural sheds melbourne		-	-	-	29	31	3	2	2	3	2	14	8
shed builders melbourne		-	-	-	11	13	15	14	25	11	14	6	28
equestrian sheds melbourne		-	-	-	15	82	8	7	7	8	12	10	13
prefabricated buildings melbourne		-	-	-	-	-	-	-	-	-	-	-	-
farm sheds victoria		-	-	-	-	-	-	21	31	30	31	30	33
custom sheds victoria		-	-	-	37	35	34	8	11	16	16	20	24
commercial sheds victoria		15	16	15	11	8	6	3	6	6	6	11	11
industrial sheds victoria		70	71	82	25	-	16	17	9	14	14	11	14
shed builders victoria		-	-	-	19	40	22	20	18	25	20	31	30
structural steel sheds victoria		-	-	-	6	6	6	6	5	12	8	10	10