		2021-11-18	2021-12-16	2022-01-20	2022-02-17	2022-03-18	2022-04-22	2022-05-18	2022-06-15	2022-07-15	2022-08-17	2022-09-16	2022-10-13	2022-11-17	2022-12-15	2023-01-19	2023-02-16	2023-03-16	2023-04-14	2023-05-17	2023-06-15	2023-07-20	2023-08-17	2023-09-15	2023-10-20	2023-11-17	2023-12-14	2024-01-19	2024-02-15	2024-03-15	2024-04-19	2024-05-16	2024-06-13	2024-07-18	2024-08-16	2024-09-20	2024-10-18	2024-11-14
3d lettering melbourne		2	1	1	3	3	3	2	2	2	2	3	2	3	3	2	3	2	2	2	1	1	1	1	1	1	1	1	1	4	4	8	5	9	5	11	26	33
a frames melbourne		18	12	1	2	2	1	2	2	3	2	1	1	2	2	1	1	1	1	1	2	1	1	2	1	1	2	2	3	1	2	4	3	4	5	6	7	11
custom signs melbourne		4	5	5	5	4	8	4	7	6	10	8	7	7	6	1	5	1	1	1	1	2	3	3	3	1	2	2	1	1	2	1	1	1	1	1	1	4
illuminated signs melbourne		20	12	16	16	14	22	21	28	15	15	14	13	11	17	32	28	29	35	28	16	21	18	19	20	21	22	10	12	15	16	18	12	14	20	14	16	17
large format printing melbourne		21	21	23	37	24	23	24	20	18	17	18	16	18	18	20	17	14	15	17	27	16	12	12	9	11	13	18	18	18	30	32	13	14	13	19	18	19
office signage melbourne		8	7	6	5	5	5	4	5	4	3	3	3	5	6	5	5	9	6	6	5	5	1	1	2	1	1	2	2	1	1	4	2	2	3	3	1	13
shop signage melbourne		11	13	10	15	10	10	10	11	11	14	18	19	15	14	20	21	19	12	22	23	23	22	17	20	28	18	35	34	30	12	14	14	12	15	13	13	20
signs and banners melbourne		16	14	16	27	33	28	15	14	16	13	11	14	15	12	14	13	14	12	12	11	11	19	5	8	7	12	13	10	7	6	7	16	7	10	8	5	4
signwriting melbourne		9	7	7	5	4	6	7	7	9	8	10	10	8	9	8	7	7	8	8	8	7	8	7	6	6	7	5	6	5	4	4	4	4	3	2	3	3
vehicle signage melbourne		22	16	17	22	18	21	15	20	25	22	20	19	20	24	17	17	22	25	30	25	31	-	30	19	24	24	18	20	26	24	29	29	29	17	34	23	19
large format printing clayton		5	4	1	2	2	2	2	2	3	3	4	4	2	3	3	1	3	3	3	3	2	2	2	2	3	2	2	2	2	2	2	2	3	1	3	3	3
large format printing glen waverley		1	1	1	1	1	2	1	1	2	2	2	2	2	2	2	2	2	2	2	2	2	1	2	2	2	2	2	3	3	3	3	2	1	2	3	1	3
large format printing hawthorn		2	2	3	2	2	2	2	3	3	2	2	1	1	1	1	2	2	3	4	3	3	3	3	2	3	11	3	3	3	3	3	3	3	3	3	38	3
large format printing springvale		3	3	2	2	2	2	2	2	2	2	2	2	2	2	2	1	1	1	1	1	2	1	2	2	2	2	2	2	2	1	2	2	1	1	2	4	5
signs clayton		1	1	1	2	3	3	3	2	3	2	2	2	2	2	2	2	2	2	3	2	2	2	2	2	1	2	1	1	1	1	2	1	1	1	1	-	1
signs dandenong		3	5	3	3	2	5	3	4	4	4	6	5	3	4	6	4	5	8	6	6	4	5	4	5	5	6	5	6	6	7	9	8	12	10	9	7	9
signs glen waverley		1	1	1	1	1	1	1	1	1	1	1	1	1	1	1	1	1	2	2	2	2	2	2	3	4	4	3	3	1	2	2	3	3	2	2	1	2
signs malvern		1	1	1	1	1	1	1	1	1	1	1	1	1	1	1	1	1	1	1	1	1	1	1	1	1	1	1	1	1	1	1	1	1	1	1	1	1
signs moorabbin		7	7	6	6	6	6	5	6	6	6	6	6	6	5	6	7	7	8	8	7	7	5	6	5	4	3	4	3	4	3	4	4	4	5	5	5	6
signs oakleigh		2	2	-	2	2	3	3	3	3	3	2	2	2	2	2	2	2	2	2	2	2	3	2	3	3	4	3	3	3	3	3	2	2	2	3	1	3
signs springvale		4	3	1	4	2	2	1	1	1	1	1	1	1	1	1	1	1	1	1	1	1	1	1	1	1	1	1	1	1	1	1	2	1	1	2	2	2
large format printing box hill		4	4	2	3	2	2	2	2	2	3	2	1	1	3	3	3	3	4	5	7	3	-	4	3	3	4	4	4	3	3	3	4	3	5	3	1	3
large format printing burwood		9	10	10	8	9	5	8	11	7	12	30	29	24	4	3	5	6	9	7	8	22	-	6	7	6	6	10	10	7	5	5	8	7	3	14	21	12
large format printing carrum downs		5	5	2	3	2	2	1	2	2	2	2	2	2	2	2	3	3	4	4	4	5	5	6	5	4	4	4	5	6	6	3	2	3	6	6	6	6
large format printing dandenong		22	24	15	15	15	15	14	14	19	16	18	16	10	17	16	12	15	17	15	17	27	35	15	12	15	17	22	26	17	13	20	25	22	21	21	26	29
large format printing glen huntly		1	1	1	1	1	1	1	1	1	1	1	1	1	1	1	1	1	1	1	1	1	1	1	1	1	1	1	1	1	1	1	1	1	1	1	1	1
large format printing malvern		2	5	4	5	4	4	3	3	3	3	3	7	7	6	5	7	5	6	4	6	6	8	7	6	6	7	6	7	8	9	8	7	8	7	15	18	20
large format printing moorabbin		11	11	6	9	8	9	9	8	16	14	13	10	8	10	9	11	10	15	16	16	24	19	11	11	10	12	12	12	14	12	12	17	19	17	19	15	20
large format printing oakleigh		3	5	3	2	2	3	4	2	3	3	2	3	3	4	5	6	5	4	5	6	8	6	3	6	5	4	6	7	3	3	1	3	3	4	4	3	4
shop signage box hill		3	2	3	3	3	2	2	3	2	2	2	2	2	2	2	2	2	2	2	2	2	2	2	2	2	3	2	2	2	2	2	3	2	3	3	2	3
shop signage burwood		3	3	2	2	2	2	2	2	2	2	2	2	2	2	2	2	2	2	2	2	2	2	2	2	2	2	2	2	2	2	2	2	2	2	2	2	4
shop signage carrum downs		1	2	2	2	3	2	2	3	3	2	4	2	2	2	5	5	4	4	3	4	3	4	4	4	4	5	4	4	3	3	3	4	4	6	4	4	9
shop signage clayton		1	1	5	2	2	2	1	1	1	1	1	1	2	2	1	1	1	1	1	1	1	1	1	1	1	1	1	1	1	1	1	1	1	1	1	3	1
shop signage dandenong		3	2	2	1	2	3	3	5	5	3	4	4	4	7	8	6	5	5	4	4	4	4	4	4	4	4	4	4	4	4	6	6	5	4	4	7	7
shop signage glen huntly		1	1	1	1	1	1	1	1	1	1	1	1	1	1	1	1	1	1	1	1	1	1	1	1	1	1	1	1	1	1	1	1	1	1	1	1	1
shop signage glen waverley		2	2	2	2	2	1	1	1	1	1	1	1	1	2	1	1	1	2	1	3	2	3	2	2	4	2	2	2	1	2	2	2	2	2	2	1	2
shop signage hawthorn		2	2	2	2	2	2	2	2	2	2	2	2	3	2	3	3	2	3	4	2	2	2	3	3	3	3	3	3	3	3	3	3	3	3	3	3	5
shop signage malvern		1	1	1	1	1	1	1	1	1	1	1	1	1	1	1	1	1	1	1	1	1	1	1	1	1	1	1	1	1	1	1	1	1	1	1	1	1
shop signage moorabbin		2	3	2	2	2	2	2	2	2	2	2	3	2	2	3	3	4	4	4	4	3	3	4	3	2	1	2	1	2	2	2	1	2	4	3	5	5
shop signage oakleigh		3	3	2	2	2	2	2	2	2	2	2	2	2	2	2	2	2	2	2	2	2	2	2	2	3	2	2	2	2	2	2	2	2	2	2	1	2
shop signage springvale		2	1	2	3	2	1	1	1	1	1	1	1	1	1	1	1	1	1	1	1	1	1	1	1	1	1	1	1	2	1	2	4	4	1	3	2	5
signage carrum downs		8	6	5	5	6	6	5	5	4	7	7	6	7	6	9	8	8	9	6	8	6	8	4	5	5	6	4	4	7	7	8	8	6	9	7	9	10
signs box hill		5	5	5	5	5	6	5	5	5	5	3	3	2	3	2	2	2	3	2	5	4	2	3	3	3	4	7	4	5	4	5	4	4	4	4	2	4
signs burwood		3	3	2	2	2	2	2	2	2	3	-	-	-	2	2	2	2	2	2	2	3	3	2	2	2	2	2	3	2	2	2	2	2	2	2	3	3
signs glen huntly		1	1	1	1	1	1	1	1	1	1	1	1	1	1	1	1	1	1	1	1	1	1	1	1	1	1	1	1	1	1	1	1	1	1	1	1	1
signwriter hawthorn		4	4	3	3	3	3	3	2	1	2	1	1	2	3	1	2	3	4	2	3	4	4	2	4	5	5	4	3	3	3	3	4	6	7	4	4	7